period,item,value
FY2022,売上高,0
FY2022,売上原価,0
FY2022,販売費及び一般管理費,0
FY2022,営業利益,0
FY2022,営業外収益,0
FY2022,営業外費用,0
FY2022,経常利益,0
FY2022,当期純利益,0
FY2022,現金及び預金,0
FY2022,売上債権,0
FY2022,棚卸資産,0
FY2022,流動資産合計,0
FY2022,有形固定資産,0
FY2022,固定資産合計,0
FY2022,資産合計,0
FY2022,流動負債合計,0
FY2022,固定負債合計,0
FY2022,負債合計,0
FY2022,純資産合計,0
FY2023,売上高,0
FY2023,売上原価,0
FY2023,販売費及び一般管理費,0
FY2023,営業利益,0
FY2023,営業外収益,0
FY2023,営業外費用,0
FY2023,経常利益,0
FY2023,当期純利益,0
FY2023,現金及び預金,0
FY2023,売上債権,0
FY2023,棚卸資産,0
FY2023,流動資産合計,0
FY2023,有形固定資産,0
FY2023,固定資産合計,0
FY2023,資産合計,0
FY2023,流動負債合計,0
FY2023,固定負債合計,0
FY2023,負債合計,0
FY2023,純資産合計,0
